<?xml version="1.0" encoding="UTF-8" standalone="no" ?>
<Device xmlns="http://www.garmin.com/xmlschemas/GarminDevice/v2" xmlns:xsi="http://www.w3.org/2001/XMLSchema-instance" xsi:schemaLocation="http://www.garmin.com/xmlschemas/FitnessDeviceLimits/v1 http://www.garmin.com/xmlschemas/FitnessDeviceLimitsv1.xsd http://www.garmin.com/xmlschemas/GarminDevice/v2 http://www.garmin.com/xmlschemas/GarminDevicev2.xsd">

  <Model>
    <PartNumber>006-B1018-00</PartNumber>
    <SoftwareVersion>450</SoftwareVersion>
    <Description>Forerunner 310XT</Description>
  </Model>

  <Id>ID_MA_MONTRE</Id>

  <DisplayName>Forerunner 310XT</DisplayName>

  <MassStorageMode>
    <DataType>
      <Name>GPSData</Name>
      <File>
        <Specification>
          <Identifier>http://www.topografix.com/GPX/1/1</Identifier>
          <Documentation>http://www.topografix.com/GPX/1/1/gpx.xsd</Documentation>
        </Specification>
        <Location>
          <Path>/Garmin/GPX</Path>
          <FileExtension>GPX</FileExtension>
        </Location>
        <TransferDirection>InputOutput</TransferDirection>
      </File>
    </DataType>
    <DataType>
      <Name>FitnessHistory</Name>
      <File>
        <Specification>
          <Identifier>http://www.garmin.com/xmlschemas/TrainingCenterDatabase/v2</Identifier>
          <Documentation>http://www.garmin.com/xmlschemas/TrainingCenterDatabasev2.xsd</Documentation>
        </Specification>
        <Location>
          <Path>/Garmin/History</Path>
          <FileExtension>TCX</FileExtension>
        </Location>
        <TransferDirection>OutputFromUnit</TransferDirection>
      </File>
    </DataType>
    <DataType>
      <Name>FitnessUserProfile</Name>
      <File>
        <Specification>
          <Identifier>http://www.garmin.com/xmlschemas/TrainingCenterDatabase/v2</Identifier>
          <Documentation>http://www.garmin.com/xmlschemas/TrainingCenterDatabasev2.xsd</Documentation>
        </Specification>
        <Location>
          <Path>/Garmin/Profile</Path>
          <BaseName>UserProfile</BaseName>
          <FileExtension>TCX</FileExtension>
        </Location>
        <TransferDirection>InputToUnit</TransferDirection>
      </File>
    </DataType>
    <DataType>
      <Name>FitnessNewLeaf</Name>
      <File>
        <Specification>
          <Identifier>http://www.garmin.com/xmlschemas/TrainingCenterDatabase/v1</Identifier>
          <Documentation>http://www.garmin.com/xmlschemas/TrainingCenterDatabasev1.xsd</Documentation>
        </Specification>
        <Location>
          <FileExtension>NLF</FileExtension>
        </Location>
        <TransferDirection>InputToUnit</TransferDirection>
      </File>
    </DataType>
    <DataType>
      <Name>FitnessActivityGoals</Name>
      <File>
        <Specification>
          <Identifier>http://www.garmin.com/xmlschemas/TrainingCenterDatabase/v2</Identifier>
          <Documentation>http://www.garmin.com/xmlschemas/TrainingCenterDatabasev2.xsd</Documentation>
        </Specification>
        <Location>
          <Path>/Garmin/Goals</Path>
          <BaseName>ActivityGoals</BaseName>
          <FileExtension>TCX</FileExtension>
        </Location>
        <TransferDirection>InputToUnit</TransferDirection>
      </File>
    </DataType>
    <DataType>
      <Name>FitnessCourses</Name>
      <File>
        <Specification>
          <Identifier>http://www.garmin.com/xmlschemas/TrainingCenterDatabase/v2</Identifier>
          <Documentation>http://www.garmin.com/xmlschemas/TrainingCenterDatabasev2.xsd</Documentation>
        </Specification>
        <Location>
          <Path>/Garmin/Courses</Path>
          <FileExtension>TCX</FileExtension>
        </Location>
        <TransferDirection>InputToUnit</TransferDirection>
      </File>
      <Extensions>
        <CourseLimits xmlns="http://www.garmin.com/xmlschemas/FitnessDeviceLimits/v1">
          <MaxCourses>20</MaxCourses>
          <MaxCourseLaps>200</MaxCourseLaps>
          <MaxCoursePoints>100</MaxCoursePoints>
          <MaxCourseTrackPoints>14000</MaxCourseTrackPoints>
        </CourseLimits>
      </Extensions>
    </DataType>
    <DataType>
      <Name>FitnessWorkouts</Name>
      <File>
        <Specification>
          <Identifier>http://www.garmin.com/xmlschemas/TrainingCenterDatabase/v2</Identifier>
          <Documentation>http://www.garmin.com/xmlschemas/TrainingCenterDatabasev2.xsd</Documentation>
        </Specification>
        <Location>
          <Path>/Garmin/Workouts</Path>
          <FileExtension>TCX</FileExtension>
        </Location>
        <TransferDirection>InputToUnit</TransferDirection>
      </File>
      <Extensions>
        <WorkoutLimits xmlns="http://www.garmin.com/xmlschemas/FitnessDeviceLimits/v1">
          <MaxWorkouts>200</MaxWorkouts>
          <MaxUnscheduledWorkouts>25</MaxUnscheduledWorkouts>
          <MaxOccurrences>200</MaxOccurrences>
        </WorkoutLimits>
      </Extensions>
    </DataType>
    <DataType>
      <Name>FITBinary</Name>
      <File>
        <Specification>
          <Identifier>FIT</Identifier>
        </Specification>
        <Location>
          <Path>/Garmin/</Path>
          <BaseName>DeviceCapabilities</BaseName>
          <FileExtension>FIT</FileExtension>
        </Location>
        <TransferDirection>InputOutput</TransferDirection>
      </File>
    </DataType>
    <DataType>
      <Name>FIT_TYPE_1</Name>
      <File>
        <Specification>
          <Identifier>FIT</Identifier>
        </Specification>
        <Location>
          <Path>/Garmin/</Path>
          <FileExtension>FIT</FileExtension>
        </Location>
        <TransferDirection>OutputFromUnit</TransferDirection>
      </File>
    </DataType>
    <DataType>
      <Name>FIT_TYPE_2</Name>
      <File>
        <Specification>
          <Identifier>FIT</Identifier>
        </Specification>
        <Location>
          <Path>/Garmin/Settings</Path>
          <FileExtension>FIT</FileExtension>
        </Location>
        <TransferDirection>OutputFromUnit</TransferDirection>
      </File>
      <File>
        <Specification>
          <Identifier>FIT</Identifier>
        </Specification>
        <Location>
          <Path>/Garmin/NewFiles</Path>
          <FileExtension>FIT</FileExtension>
        </Location>
        <TransferDirection>InputToUnit</TransferDirection>
      </File>
    </DataType>
    <DataType>
      <Name>FIT_TYPE_3</Name>
      <File>
        <Specification>
          <Identifier>FIT</Identifier>
        </Specification>
        <Location>
          <Path>/Garmin/Sports</Path>
          <FileExtension>FIT</FileExtension>
        </Location>
        <TransferDirection>OutputFromUnit</TransferDirection>
      </File>
      <File>
        <Specification>
          <Identifier>FIT</Identifier>
        </Specification>
        <Location>
          <Path>/Garmin/NewFiles</Path>
          <FileExtension>FIT</FileExtension>
        </Location>
        <TransferDirection>InputToUnit</TransferDirection>
      </File>
    </DataType>
    <DataType>
      <Name>FIT_TYPE_4</Name>
      <File>
        <Specification>
          <Identifier>FIT</Identifier>
        </Specification>
        <Location>
          <Path>/Garmin/Activities</Path>
          <FileExtension>FIT</FileExtension>
        </Location>
        <TransferDirection>OutputFromUnit</TransferDirection>
      </File>
    </DataType>
    <DataType>
      <Name>FIT_TYPE_5</Name>
      <File>
        <Specification>
          <Identifier>FIT</Identifier>
        </Specification>
        <Location>
          <Path>/Garmin/Workouts</Path>
          <FileExtension>FIT</FileExtension>
        </Location>
        <TransferDirection>OutputFromUnit</TransferDirection>
      </File>
      <File>
        <Specification>
          <Identifier>FIT</Identifier>
        </Specification>
        <Location>
          <Path>/Garmin/NewFiles</Path>
          <FileExtension>FIT</FileExtension>
        </Location>
        <TransferDirection>InputToUnit</TransferDirection>
      </File>
      <Extensions>
        <WorkoutLimits xmlns="http://www.garmin.com/xmlschemas/FitnessDeviceLimits/v1">
          <MaxWorkouts>200</MaxWorkouts>
          <MaxUnscheduledWorkouts>25</MaxUnscheduledWorkouts>
          <MaxOccurrences>200</MaxOccurrences>
        </WorkoutLimits>
      </Extensions>
    </DataType>
    <DataType>
      <Name>FIT_TYPE_6</Name>
      <File>
        <Specification>
          <Identifier>FIT</Identifier>
        </Specification>
        <Location>
          <Path>/Garmin/Courses</Path>
          <FileExtension>FIT</FileExtension>
        </Location>
        <TransferDirection>OutputFromUnit</TransferDirection>
      </File>
      <File>
        <Specification>
          <Identifier>FIT</Identifier>
        </Specification>
        <Location>
          <Path>/Garmin/NewFiles</Path>
          <FileExtension>FIT</FileExtension>
        </Location>
        <TransferDirection>InputToUnit</TransferDirection>
      </File>
      <Extensions>
        <CourseLimits xmlns="http://www.garmin.com/xmlschemas/FitnessDeviceLimits/v1">
          <MaxCourses>20</MaxCourses>
          <MaxCourseLaps>200</MaxCourseLaps>
          <MaxCoursePoints>100</MaxCoursePoints>
          <MaxCourseTrackPoints>14000</MaxCourseTrackPoints>
        </CourseLimits>
      </Extensions>
    </DataType>
    <DataType>
      <Name>FIT_TYPE_7</Name>
      <File>
        <Specification>
          <Identifier>FIT</Identifier>
        </Specification>
        <Location>
          <Path>/Garmin/Schedules</Path>
          <FileExtension>FIT</FileExtension>
        </Location>
        <TransferDirection>OutputFromUnit</TransferDirection>
      </File>
      <File>
        <Specification>
          <Identifier>FIT</Identifier>
        </Specification>
        <Location>
          <Path>/Garmin/NewFiles</Path>
          <FileExtension>FIT</FileExtension>
        </Location>
        <TransferDirection>InputToUnit</TransferDirection>
      </File>
    </DataType>
    <DataType>
      <Name>FIT_TYPE_8</Name>
      <File>
        <Specification>
          <Identifier>FIT</Identifier>
        </Specification>
        <Location>
          <Path>/Garmin/Locations</Path>
          <FileExtension>FIT</FileExtension>
        </Location>
        <TransferDirection>OutputFromUnit</TransferDirection>
      </File>
      <File>
        <Specification>
          <Identifier>FIT</Identifier>
        </Specification>
        <Location>
          <Path>/Garmin/NewFiles</Path>
          <FileExtension>FIT</FileExtension>
        </Location>
        <TransferDirection>InputToUnit</TransferDirection>
      </File>
    </DataType>
    <DataType>
      <Name>FIT_TYPE_9</Name>
      <File>
        <Specification>
          <Identifier>FIT</Identifier>
        </Specification>
        <Location>
          <Path>/Garmin/Weight</Path>
          <FileExtension>FIT</FileExtension>
        </Location>
        <TransferDirection>OutputFromUnit</TransferDirection>
      </File>
    </DataType>
    <DataType>
      <Name>FIT_TYPE_10</Name>
      <File>
        <Specification>
          <Identifier>FIT</Identifier>
        </Specification>
        <Location>
          <Path>/Garmin/Totals</Path>
          <FileExtension>FIT</FileExtension>
        </Location>
        <TransferDirection>OutputFromUnit</TransferDirection>
      </File>
    </DataType>
    <DataType>
      <Name>FIT_TYPE_11</Name>
      <File>
        <Specification>
          <Identifier>FIT</Identifier>
        </Specification>
        <Location>
          <Path>/Garmin/Goals</Path>
          <FileExtension>FIT</FileExtension>
        </Location>
        <TransferDirection>OutputFromUnit</TransferDirection>
      </File>
      <File>
        <Specification>
          <Identifier>FIT</Identifier>
        </Specification>
        <Location>
          <Path>/Garmin/NewFiles</Path>
          <FileExtension>FIT</FileExtension>
        </Location>
        <TransferDirection>InputToUnit</TransferDirection>
      </File>
    </DataType>
    <DataType>
      <Name>FIT_TYPE_MET_ZONES</Name>
      <File>
        <Specification>
          <Identifier>FIT</Identifier>
        </Specification>
        <Location>
          <Path>/Garmin/NewFiles</Path>
          <FileExtension>FIT</FileExtension>
        </Location>
        <TransferDirection>InputToUnit</TransferDirection>
      </File>
    </DataType>
    <UpdateFile>
      <PartNumber>0xxx-Bxxxx-xx</PartNumber>
      <Version>
        <Major>4</Major>
        <Minor>50</Minor>
      </Version>
    </UpdateFile>
    <UpdateFile>
      <PartNumber>0xx-Bxxxx-xx</PartNumber>
      <Version>
        <Major>4</Major>
        <Minor>50</Minor>
      </Version>
    </UpdateFile>
    <UpdateFile>
    <PartNumber>006-B1018-00</PartNumber>
      <Version>
        <Major>2</Major>
        <Minor>10</Minor>
      </Version>
    </UpdateFile>
  </MassStorageMode>
</Device>
